<root><Admission PMINO="00000090109" DATE="1-1-2002" TIME="02.30 am" ICNO="000000000001"><Biodata>Name : Jane Doe   Sex : Female   Age : 29</Biodata><ChiefComplaint>Fever for 3 days</ChiefComplaint><History>Bite by Mosquitoes while in Tropical area 3 days ago.<Medical>Medical Value</Medical><Family/><Surgical/><Social/><Menstrual/></History><VitalSign>Temp : 38 celcius   Heartrate : 80   Blood Pressure :  90/120</VitalSign><Observation/><Examination/><Laboratory/><Imaging/><Treatment/><Procedure><Round DATE="1-2-2002" TIME="03.00 am" SEQ="Do Urine Test for this Patient!"><Chest>Chest</Chest><Abdomen>Abdomen</Abdomen><UroGenital>UroGenital</UroGenital></Round></Procedure><Wardround/></Admission></root>
