<root>
<sp_healthcare>
<ID SQLVAR="deci" NULL="NO">1001</ID>
<DESCRIPTION SQLVAR="varc" NULL="NO">District Hospital 1</DESCRIPTION>
<PHONE_NO SQLVAR="varc" NULL="YES">03-11111111</PHONE_NO>
<CONTACT_PERSON SQLVAR="varc" NULL="YES">Mr A</CONTACT_PERSON>
<TYPE SQLVAR="char" NULL="NO">M</TYPE>
<HEALTHCARE_CODE SQLVAR="varc" NULL="NO">HSR</HEALTHCARE_CODE>
<STREET SQLVAR="varc" NULL="YES">Road 1</STREET>
<TOWN SQLVAR="varc" NULL="YES">State 1</TOWN>
<POSTCODE SQLVAR="varc" NULL="YES">00001</POSTCODE>
<STATE_ID SQLVAR="deci" NULL="YES">7</STATE_ID>
<STATUS SQLVAR="char" NULL="YES"></STATUS>
<HEALTHCARE_TYPE_ID SQLVAR="deci" NULL="NO">4</HEALTHCARE_TYPE_ID>
</sp_healthcare>
<sp_healthcare>
<ID SQLVAR="deci" NULL="NO">1002</ID>
<DESCRIPTION SQLVAR="varc" NULL="NO">District Hospital 2</DESCRIPTION>
<PHONE_NO SQLVAR="varc" NULL="YES">03-22222222</PHONE_NO>
<CONTACT_PERSON SQLVAR="varc" NULL="YES">Mr B</CONTACT_PERSON>
<TYPE SQLVAR="char" NULL="NO">M</TYPE>
<HEALTHCARE_CODE SQLVAR="varc" NULL="NO">HSR</HEALTHCARE_CODE>
<STREET SQLVAR="varc" NULL="YES">Road 2</STREET>
<TOWN SQLVAR="varc" NULL="YES">State 2</TOWN>
<POSTCODE SQLVAR="varc" NULL="YES">00002</POSTCODE>
<STATE_ID SQLVAR="deci" NULL="YES">7</STATE_ID>
<STATUS SQLVAR="char" NULL="YES"></STATUS>
<HEALTHCARE_TYPE_ID SQLVAR="deci" NULL="NO">4</HEALTHCARE_TYPE_ID>
</sp_healthcare>
<sp_healthcare>
<ID SQLVAR="deci" NULL="NO">1003</ID>
<DESCRIPTION SQLVAR="varc" NULL="NO">District Hospital 3</DESCRIPTION>
<PHONE_NO SQLVAR="varc" NULL="YES">03-33333333</PHONE_NO>
<CONTACT_PERSON SQLVAR="varc" NULL="YES">Mr C</CONTACT_PERSON>
<TYPE SQLVAR="char" NULL="NO">M</TYPE>
<HEALTHCARE_CODE SQLVAR="varc" NULL="NO">HSR</HEALTHCARE_CODE>
<STREET SQLVAR="varc" NULL="YES">Road 3</STREET>
<TOWN SQLVAR="varc" NULL="YES">State 3</TOWN>
<POSTCODE SQLVAR="varc" NULL="YES">00003</POSTCODE>
<STATE_ID SQLVAR="deci" NULL="YES">7</STATE_ID>
<STATUS SQLVAR="char" NULL="YES"></STATUS>
<HEALTHCARE_TYPE_ID SQLVAR="deci" NULL="NO">4</HEALTHCARE_TYPE_ID>
</sp_healthcare>
</root>